,city,mean
0,Gdynia,49.090311084298555
1,Mielec,77.09486773569697
2,Szczecin,25.727855237666315
3,Radom,41.899202655355325
4,Warszawa,37.90077141190736
5,Police,35.33160307141185
6,Kutno,43.594336067818304
7,Konin,56.14475436976285
